student_id,experiment_score,temperature,humidity
1,85.0,23.5,60.0
2,83.5,22.1,60.7142857143
3,78.0,24.0,55.0
4,92.0,21.8,65.0
5,83.5,23.2,58.0
6,88.0,23.5,62.0
7,76.0,24.5,60.7142857143
8,95.0,22.0,70.0
9,83.5,23.8,59.0
10,82.0,24.2,61.0
